<application>
  <component name="AndroidLogcatFilterHistory">
    <option name="mostRecentlyUsed" value="package:mine" />
    <option name="nonFavorites">
      <list>
        <option value="package:mine" />
        <option value="package:mine tag:ChatViewModel " />
        <option value="package:mine tag:HomeViewModel" />
        <option value="package:mine tag:SetUserViewModel" />
        <option value="package:mine " />
        <option value="package:com.example.groot " />
        <option value="package:com.example.groot tag:RepoDetailsViewModel " />
        <option value="package:com.example.groot" />
        <option value="package:com.example.groot tag:RepoDetailsViewModel" />
        <option value="package:com.example.groot Repo" />
        <option value="package:com.example.groot read" />
        <option value="package:com.example.groot tag:HomeViewModel" />
        <option value="package:com.example.groot tag:RepositoryListViewModel " />
        <option value="package:com.example.groot tag:RepoListViewModel" />
      </list>
    </option>
  </component>
</application>