<application>
  <component name="ProjectManager">
    <defaultProject>
      <component name="AutoImportSettings">
        <option name="autoReloadType" value="NONE" />
      </component>
      <component name="DeviceStreaming">
        <option name="deviceSelectionList">
          <list>
            <PersistentDeviceSelectionData>
              <option name="api" value="34" />
              <option name="brand" value="Sony" />
              <option name="codename" value="A402SO" />
              <option name="id" value="A402SO" />
              <option name="labId" value="google" />
              <option name="manufacturer" value="Sony" />
              <option name="name" value="Xperia 10" />
              <option name="screenDensity" value="450" />
              <option name="screenX" value="1080" />
              <option name="screenY" value="2520" />
            </PersistentDeviceSelectionData>
            <PersistentDeviceSelectionData>
              <option name="api" value="27" />
              <option name="brand" value="DOCOMO" />
              <option name="codename" value="F01L" />
              <option name="id" value="F01L" />
              <option name="labId" value="google" />
              <option name="manufacturer" value="FUJITSU" />
              <option name="name" value="F-01L" />
              <option name="screenDensity" value="360" />
              <option name="screenX" value="720" />
              <option name="screenY" value="1280" />
            </PersistentDeviceSelectionData>
            <PersistentDeviceSelectionData>
              <option name="api" value="34" />
              <option name="brand" value="OnePlus" />
              <option name="codename" value="OP535DL1" />
              <option name="id" value="OP535DL1" />
              <option name="labId" value="google" />
              <option name="manufacturer" value="OnePlus" />
              <option name="name" value="CPH2409" />
              <option name="screenDensity" value="401" />
              <option name="screenX" value="1080" />
              <option name="screenY" value="2412" />
            </PersistentDeviceSelectionData>
            <PersistentDeviceSelectionData>
              <option name="api" value="34" />
              <option name="brand" value="OnePlus" />
              <option name="codename" value="OP5552L1" />
              <option name="id" value="OP5552L1" />
              <option name="labId" value="google" />
              <option name="manufacturer" value="OnePlus" />
              <option name="name" value="CPH2415" />
              <option name="screenDensity" value="480" />
              <option name="screenX" value="1080" />
              <option name="screenY" value="2412" />
            </PersistentDeviceSelectionData>
            <PersistentDeviceSelectionData>
              <option name="api" value="34" />
              <option name="brand" value="OPPO" />
              <option name="codename" value="OP573DL1" />
              <option name="id" value="OP573DL1" />
              <option name="labId" value="google" />
              <option name="manufacturer" value="OPPO" />
              <option name="name" value="CPH2557" />
              <option name="screenDensity" value="480" />
              <option name="screenX" value="1080" />
              <option name="screenY" value="2400" />
            </PersistentDeviceSelectionData>
            <PersistentDeviceSelectionData>
              <option name="api" value="28" />
              <option name="brand" value="DOCOMO" />
              <option name="codename" value="SH-01L" />
              <option name="id" value="SH-01L" />
              <option name="labId" value="google" />
              <option name="manufacturer" value="SHARP" />
              <option name="name" value="AQUOS sense2 SH-01L" />
              <option name="screenDensity" value="480" />
              <option name="screenX" value="1080" />
              <option name="screenY" value="2160" />
            </PersistentDeviceSelectionData>
            <PersistentDeviceSelectionData>
              <option name="api" value="34" />
              <option name="brand" value="samsung" />
              <option name="codename" value="a14m" />
              <option name="id" value="a14m" />
              <option name="labId" value="google" />
              <option name="manufacturer" value="Samsung" />
              <option name="name" value="SM-A145R" />
              <option name="screenDensity" value="450" />
              <option name="screenX" value="1080" />
              <option name="screenY" value="2408" />
            </PersistentDeviceSelectionData>
            <PersistentDeviceSelectionData>
              <option name="api" value="34" />
              <option name="brand" value="samsung" />
              <option name="codename" value="a15" />
              <option name="id" value="a15" />
              <option name="labId" value="google" />
              <option name="manufacturer" value="Samsung" />
              <option name="name" value="A15" />
              <option name="screenDensity" value="450" />
              <option name="screenX" value="1080" />
              <option name="screenY" value="2340" />
            </PersistentDeviceSelectionData>
            <PersistentDeviceSelectionData>
              <option name="api" value="34" />
              <option name="brand" value="samsung" />
              <option name="codename" value="a15x" />
              <option name="id" value="a15x" />
              <option name="labId" value="google" />
              <option name="manufacturer" value="Samsung" />
              <option name="name" value="A15 5G" />
              <option name="screenDensity" value="450" />
              <option name="screenX" value="1080" />
              <option name="screenY" value="2340" />
            </PersistentDeviceSelectionData>
            <PersistentDeviceSelectionData>
              <option name="api" value="34" />
              <option name="brand" value="samsung" />
              <option name="codename" value="a16x" />
              <option name="id" value="a16x" />
              <option name="labId" value="google" />
              <option name="manufacturer" value="Samsung" />
              <option name="name" value="A16 5G" />
              <option name="screenDensity" value="450" />
              <option name="screenX" value="1080" />
              <option name="screenY" value="2340" />
            </PersistentDeviceSelectionData>
            <PersistentDeviceSelectionData>
              <option name="api" value="34" />
              <option name="brand" value="samsung" />
              <option name="codename" value="a35x" />
              <option name="id" value="a35x" />
              <option name="labId" value="google" />
              <option name="manufacturer" value="Samsung" />
              <option name="name" value="A35" />
              <option name="screenDensity" value="450" />
              <option name="screenX" value="1080" />
              <option name="screenY" value="2340" />
            </PersistentDeviceSelectionData>
            <PersistentDeviceSelectionData>
              <option name="api" value="34" />
              <option name="brand" value="google" />
              <option name="codename" value="akita" />
              <option name="id" value="akita" />
              <option name="labId" value="google" />
              <option name="manufacturer" value="Google" />
              <option name="name" value="Pixel 8a" />
              <option name="screenDensity" value="420" />
              <option name="screenX" value="1080" />
              <option name="screenY" value="2400" />
            </PersistentDeviceSelectionData>
            <PersistentDeviceSelectionData>
              <option name="api" value="35" />
              <option name="brand" value="google" />
              <option name="codename" value="akita" />
              <option name="id" value="akita" />
              <option name="labId" value="google" />
              <option name="manufacturer" value="Google" />
              <option name="name" value="Pixel 8a" />
              <option name="screenDensity" value="420" />
              <option name="screenX" value="1080" />
              <option name="screenY" value="2400" />
            </PersistentDeviceSelectionData>
            <PersistentDeviceSelectionData>
              <option name="api" value="34" />
              <option name="brand" value="motorola" />
              <option name="codename" value="arcfox" />
              <option name="id" value="arcfox" />
              <option name="labId" value="google" />
              <option name="manufacturer" value="Motorola" />
              <option name="name" value="razr plus 2024" />
              <option name="screenDensity" value="360" />
              <option name="screenX" value="1080" />
              <option name="screenY" value="1272" />
            </PersistentDeviceSelectionData>
            <PersistentDeviceSelectionData>
              <option name="api" value="33" />
              <option name="brand" value="motorola" />
              <option name="codename" value="austin" />
              <option name="id" value="austin" />
              <option name="labId" value="google" />
              <option name="manufacturer" value="Motorola" />
              <option name="name" value="moto g 5G (2022)" />
              <option name="screenDensity" value="280" />
              <option name="screenX" value="720" />
              <option name="screenY" value="1600" />
            </PersistentDeviceSelectionData>
            <PersistentDeviceSelectionData>
              <option name="api" value="33" />
              <option name="brand" value="samsung" />
              <option name="codename" value="b0q" />
              <option name="id" value="b0q" />
              <option name="labId" value="google" />
              <option name="manufacturer" value="Samsung" />
              <option name="name" value="Galaxy S22 Ultra" />
              <option name="screenDensity" value="600" />
              <option name="screenX" value="1440" />
              <option name="screenY" value="3088" />
            </PersistentDeviceSelectionData>
            <PersistentDeviceSelectionData>
              <option name="api" value="34" />
              <option name="brand" value="samsung" />
              <option name="codename" value="b6q" />
              <option name="id" value="b6q" />
              <option name="labId" value="google" />
              <option name="manufacturer" value="Samsung" />
              <option name="name" value="Flip 6" />
              <option name="screenDensity" value="340" />
              <option name="screenX" value="1080" />
              <option name="screenY" value="2640" />
            </PersistentDeviceSelectionData>
            <PersistentDeviceSelectionData>
              <option name="api" value="32" />
              <option name="brand" value="google" />
              <option name="codename" value="bluejay" />
              <option name="id" value="bluejay" />
              <option name="labId" value="google" />
              <option name="manufacturer" value="Google" />
              <option name="name" value="Pixel 6a" />
              <option name="screenDensity" value="420" />
              <option name="screenX" value="1080" />
              <option name="screenY" value="2400" />
            </PersistentDeviceSelectionData>
            <PersistentDeviceSelectionData>
              <option name="api" value="34" />
              <option name="brand" value="google" />
              <option name="codename" value="caiman" />
              <option name="id" value="caiman" />
              <option name="labId" value="google" />
              <option name="manufacturer" value="Google" />
              <option name="name" value="Pixel 9 Pro" />
              <option name="screenDensity" value="360" />
              <option name="screenX" value="960" />
              <option name="screenY" value="2142" />
            </PersistentDeviceSelectionData>
            <PersistentDeviceSelectionData>
              <option name="api" value="35" />
              <option name="brand" value="google" />
              <option name="codename" value="caiman" />
              <option name="id" value="caiman" />
              <option name="labId" value="google" />
              <option name="manufacturer" value="Google" />
              <option name="name" value="Pixel 9 Pro" />
              <option name="screenDensity" value="360" />
              <option name="screenX" value="960" />
              <option name="screenY" value="2142" />
            </PersistentDeviceSelectionData>
            <PersistentDeviceSelectionData>
              <option name="api" value="34" />
              <option name="brand" value="google" />
              <option name="codename" value="comet" />
              <option name="default" value="true" />
              <option name="id" value="comet" />
              <option name="labId" value="google" />
              <option name="manufacturer" value="Google" />
              <option name="name" value="Pixel 9 Pro Fold" />
              <option name="screenDensity" value="390" />
              <option name="screenX" value="2076" />
              <option name="screenY" value="2152" />
            </PersistentDeviceSelectionData>
            <PersistentDeviceSelectionData>
              <option name="api" value="35" />
              <option name="brand" value="google" />
              <option name="codename" value="comet" />
              <option name="default" value="true" />
              <option name="id" value="comet" />
              <option name="labId" value="google" />
              <option name="manufacturer" value="Google" />
              <option name="name" value="Pixel 9 Pro Fold" />
              <option name="screenDensity" value="390" />
              <option name="screenX" value="2076" />
              <option name="screenY" value="2152" />
            </PersistentDeviceSelectionData>
            <PersistentDeviceSelectionData>
              <option name="api" value="29" />
              <option name="brand" value="samsung" />
              <option name="codename" value="crownqlteue" />
              <option name="id" value="crownqlteue" />
              <option name="labId" value="google" />
              <option name="manufacturer" value="Samsung" />
              <option name="name" value="Galaxy Note9" />
              <option name="screenDensity" value="420" />
              <option name="screenX" value="2220" />
              <option name="screenY" value="1080" />
            </PersistentDeviceSelectionData>
            <PersistentDeviceSelectionData>
              <option name="api" value="34" />
              <option name="brand" value="samsung" />
              <option name="codename" value="dm2q" />
              <option name="id" value="dm2q" />
              <option name="labId" value="google" />
              <option name="manufacturer" value="Samsung" />
              <option name="name" value="S23 Plus" />
              <option name="screenDensity" value="450" />
              <option name="screenX" value="1080" />
              <option name="screenY" value="2340" />
            </PersistentDeviceSelectionData>
            <PersistentDeviceSelectionData>
              <option name="api" value="34" />
              <option name="brand" value="samsung" />
              <option name="codename" value="dm3q" />
              <option name="id" value="dm3q" />
              <option name="labId" value="google" />
              <option name="manufacturer" value="Samsung" />
              <option name="name" value="Galaxy S23 Ultra" />
              <option name="screenDensity" value="600" />
              <option name="screenX" value="1440" />
              <option name="screenY" value="3088" />
            </PersistentDeviceSelectionData>
            <PersistentDeviceSelectionData>
              <option name="api" value="34" />
              <option name="brand" value="motorola" />
              <option name="codename" value="dubai" />
              <option name="id" value="dubai" />
              <option name="labId" value="google" />
              <option name="manufacturer" value="Motorola" />
              <option name="name" value="edge 30" />
              <option name="screenDensity" value="405" />
              <option name="screenX" value="1080" />
              <option name="screenY" value="2400" />
            </PersistentDeviceSelectionData>
            <PersistentDeviceSelectionData>
              <option name="api" value="34" />
              <option name="brand" value="samsung" />
              <option name="codename" value="e1q" />
              <option name="default" value="true" />
              <option name="id" value="e1q" />
              <option name="labId" value="google" />
              <option name="manufacturer" value="Samsung" />
              <option name="name" value="Galaxy S24" />
              <option name="screenDensity" value="480" />
              <option name="screenX" value="1080" />
              <option name="screenY" value="2340" />
            </PersistentDeviceSelectionData>
            <PersistentDeviceSelectionData>
              <option name="api" value="34" />
              <option name="brand" value="samsung" />
              <option name="codename" value="e3q" />
              <option name="id" value="e3q" />
              <option name="labId" value="google" />
              <option name="manufacturer" value="Samsung" />
              <option name="name" value="Galaxy S24 Ultra" />
              <option name="screenDensity" value="450" />
              <option name="screenX" value="1440" />
              <option name="screenY" value="3120" />
            </PersistentDeviceSelectionData>
            <PersistentDeviceSelectionData>
              <option name="api" value="33" />
              <option name="brand" value="google" />
              <option name="codename" value="eos" />
              <option name="id" value="eos" />
              <option name="labId" value="google" />
              <option name="manufacturer" value="Google" />
              <option name="name" value="Eos" />
              <option name="screenDensity" value="320" />
              <option name="screenX" value="384" />
              <option name="screenY" value="384" />
            </PersistentDeviceSelectionData>
            <PersistentDeviceSelectionData>
              <option name="api" value="35" />
              <option name="brand" value="motorola" />
              <option name="codename" value="eqe" />
              <option name="id" value="eqe" />
              <option name="labId" value="google" />
              <option name="manufacturer" value="Motorola" />
              <option name="name" value="edge 50 pro" />
              <option name="screenDensity" value="450" />
              <option name="screenX" value="1220" />
              <option name="screenY" value="2712" />
            </PersistentDeviceSelectionData>
            <PersistentDeviceSelectionData>
              <option name="api" value="33" />
              <option name="brand" value="google" />
              <option name="codename" value="felix" />
              <option name="id" value="felix" />
              <option name="labId" value="google" />
              <option name="manufacturer" value="Google" />
              <option name="name" value="Pixel Fold" />
              <option name="screenDensity" value="420" />
              <option name="screenX" value="2208" />
              <option name="screenY" value="1840" />
            </PersistentDeviceSelectionData>
            <PersistentDeviceSelectionData>
              <option name="api" value="34" />
              <option name="brand" value="google" />
              <option name="codename" value="felix" />
              <option name="id" value="felix" />
              <option name="labId" value="google" />
              <option name="manufacturer" value="Google" />
              <option name="name" value="Pixel Fold" />
              <option name="screenDensity" value="420" />
              <option name="screenX" value="2208" />
              <option name="screenY" value="1840" />
            </PersistentDeviceSelectionData>
            <PersistentDeviceSelectionData>
              <option name="api" value="33" />
              <option name="brand" value="google" />
              <option name="codename" value="felix_camera" />
              <option name="id" value="felix_camera" />
              <option name="labId" value="google" />
              <option name="manufacturer" value="Google" />
              <option name="name" value="Pixel Fold (Camera-enabled)" />
              <option name="screenDensity" value="420" />
              <option name="screenX" value="2208" />
              <option name="screenY" value="1840" />
            </PersistentDeviceSelectionData>
            <PersistentDeviceSelectionData>
              <option name="api" value="34" />
              <option name="brand" value="motorola" />
              <option name="codename" value="fogona" />
              <option name="id" value="fogona" />
              <option name="labId" value="google" />
              <option name="manufacturer" value="Motorola" />
              <option name="name" value="moto g play - 2024" />
              <option name="screenDensity" value="280" />
              <option name="screenX" value="720" />
              <option name="screenY" value="1600" />
            </PersistentDeviceSelectionData>
            <PersistentDeviceSelectionData>
              <option name="api" value="34" />
              <option name="brand" value="motorola" />
              <option name="codename" value="fogos" />
              <option name="id" value="fogos" />
              <option name="labId" value="google" />
              <option name="manufacturer" value="Motorola" />
              <option name="name" value="moto g34 5G" />
              <option name="screenDensity" value="280" />
              <option name="screenX" value="720" />
              <option name="screenY" value="1600" />
            </PersistentDeviceSelectionData>
            <PersistentDeviceSelectionData>
              <option name="api" value="34" />
              <option name="brand" value="samsung" />
              <option name="codename" value="g0q" />
              <option name="id" value="g0q" />
              <option name="labId" value="google" />
              <option name="manufacturer" value="Samsung" />
              <option name="name" value="SM-S906U1" />
              <option name="screenDensity" value="450" />
              <option name="screenX" value="1080" />
              <option name="screenY" value="2340" />
            </PersistentDeviceSelectionData>
            <PersistentDeviceSelectionData>
              <option name="api" value="34" />
              <option name="brand" value="samsung" />
              <option name="codename" value="gta9pwifi" />
              <option name="id" value="gta9pwifi" />
              <option name="labId" value="google" />
              <option name="manufacturer" value="Samsung" />
              <option name="name" value="SM-X210" />
              <option name="screenDensity" value="240" />
              <option name="screenX" value="1200" />
              <option name="screenY" value="1920" />
            </PersistentDeviceSelectionData>
            <PersistentDeviceSelectionData>
              <option name="api" value="33" />
              <option name="brand" value="samsung" />
              <option name="codename" value="gts7lwifi" />
              <option name="id" value="gts7lwifi" />
              <option name="labId" value="google" />
              <option name="manufacturer" value="Samsung" />
              <option name="name" value="SM-T870" />
              <option name="screenDensity" value="340" />
              <option name="screenX" value="1600" />
              <option name="screenY" value="2560" />
            </PersistentDeviceSelectionData>
            <PersistentDeviceSelectionData>
              <option name="api" value="34" />
              <option name="brand" value="samsung" />
              <option name="codename" value="gts7xllite" />
              <option name="id" value="gts7xllite" />
              <option name="labId" value="google" />
              <option name="manufacturer" value="Samsung" />
              <option name="name" value="SM-T738U" />
              <option name="screenDensity" value="340" />
              <option name="screenX" value="1600" />
              <option name="screenY" value="2560" />
            </PersistentDeviceSelectionData>
            <PersistentDeviceSelectionData>
              <option name="api" value="33" />
              <option name="brand" value="samsung" />
              <option name="codename" value="gts8uwifi" />
              <option name="formFactor" value="Tablet" />
              <option name="id" value="gts8uwifi" />
              <option name="labId" value="google" />
              <option name="manufacturer" value="Samsung" />
              <option name="name" value="Galaxy Tab S8 Ultra" />
              <option name="screenDensity" value="320" />
              <option name="screenX" value="1848" />
              <option name="screenY" value="2960" />
            </PersistentDeviceSelectionData>
            <PersistentDeviceSelectionData>
              <option name="api" value="34" />
              <option name="brand" value="samsung" />
              <option name="codename" value="gts8wifi" />
              <option name="formFactor" value="Tablet" />
              <option name="id" value="gts8wifi" />
              <option name="labId" value="google" />
              <option name="manufacturer" value="Samsung" />
              <option name="name" value="Galaxy Tab S8" />
              <option name="screenDensity" value="274" />
              <option name="screenX" value="1600" />
              <option name="screenY" value="2560" />
            </PersistentDeviceSelectionData>
            <PersistentDeviceSelectionData>
              <option name="api" value="34" />
              <option name="brand" value="samsung" />
              <option name="codename" value="gts9fe" />
              <option name="id" value="gts9fe" />
              <option name="labId" value="google" />
              <option name="manufacturer" value="Samsung" />
              <option name="name" value="Galaxy Tab S9 FE 5G" />
              <option name="screenDensity" value="280" />
              <option name="screenX" value="1440" />
              <option name="screenY" value="2304" />
            </PersistentDeviceSelectionData>
            <PersistentDeviceSelectionData>
              <option name="api" value="34" />
              <option name="brand" value="samsung" />
              <option name="codename" value="gts9wifi" />
              <option name="id" value="gts9wifi" />
              <option name="labId" value="google" />
              <option name="manufacturer" value="Samsung" />
              <option name="name" value="SM-X710" />
              <option name="screenDensity" value="340" />
              <option name="screenX" value="1600" />
              <option name="screenY" value="2560" />
            </PersistentDeviceSelectionData>
            <PersistentDeviceSelectionData>
              <option name="api" value="34" />
              <option name="brand" value="google" />
              <option name="codename" value="husky" />
              <option name="id" value="husky" />
              <option name="labId" value="google" />
              <option name="manufacturer" value="Google" />
              <option name="name" value="Pixel 8 Pro" />
              <option name="screenDensity" value="390" />
              <option name="screenX" value="1008" />
              <option name="screenY" value="2244" />
            </PersistentDeviceSelectionData>
            <PersistentDeviceSelectionData>
              <option name="api" value="30" />
              <option name="brand" value="motorola" />
              <option name="codename" value="java" />
              <option name="id" value="java" />
              <option name="labId" value="google" />
              <option name="manufacturer" value="Motorola" />
              <option name="name" value="G20" />
              <option name="screenDensity" value="280" />
              <option name="screenX" value="720" />
              <option name="screenY" value="1600" />
            </PersistentDeviceSelectionData>
            <PersistentDeviceSelectionData>
              <option name="api" value="34" />
              <option name="brand" value="google" />
              <option name="codename" value="komodo" />
              <option name="id" value="komodo" />
              <option name="labId" value="google" />
              <option name="manufacturer" value="Google" />
              <option name="name" value="Pixel 9 Pro XL" />
              <option name="screenDensity" value="360" />
              <option name="screenX" value="1008" />
              <option name="screenY" value="2244" />
            </PersistentDeviceSelectionData>
            <PersistentDeviceSelectionData>
              <option name="api" value="35" />
              <option name="brand" value="google" />
              <option name="codename" value="komodo" />
              <option name="id" value="komodo" />
              <option name="labId" value="google" />
              <option name="manufacturer" value="Google" />
              <option name="name" value="Pixel 9 Pro XL" />
              <option name="screenDensity" value="360" />
              <option name="screenX" value="1008" />
              <option name="screenY" value="2244" />
            </PersistentDeviceSelectionData>
            <PersistentDeviceSelectionData>
              <option name="api" value="34" />
              <option name="brand" value="motorola" />
              <option name="codename" value="lion" />
              <option name="id" value="lion" />
              <option name="labId" value="google" />
              <option name="manufacturer" value="Motorola" />
              <option name="name" value="moto g04" />
              <option name="screenDensity" value="280" />
              <option name="screenX" value="720" />
              <option name="screenY" value="1612" />
            </PersistentDeviceSelectionData>
            <PersistentDeviceSelectionData>
              <option name="api" value="33" />
              <option name="brand" value="google" />
              <option name="codename" value="lynx" />
              <option name="id" value="lynx" />
              <option name="labId" value="google" />
              <option name="manufacturer" value="Google" />
              <option name="name" value="Pixel 7a" />
              <option name="screenDensity" value="420" />
              <option name="screenX" value="1080" />
              <option name="screenY" value="2400" />
            </PersistentDeviceSelectionData>
            <PersistentDeviceSelectionData>
              <option name="api" value="34" />
              <option name="brand" value="motorola" />
              <option name="codename" value="lyriq" />
              <option name="id" value="lyriq" />
              <option name="labId" value="google" />
              <option name="manufacturer" value="Motorola" />
              <option name="name" value="edge 40" />
              <option name="screenDensity" value="400" />
              <option name="screenX" value="1080" />
              <option name="screenY" value="2400" />
            </PersistentDeviceSelectionData>
            <PersistentDeviceSelectionData>
              <option name="api" value="34" />
              <option name="brand" value="motorola" />
              <option name="codename" value="manaus" />
              <option name="id" value="manaus" />
              <option name="labId" value="google" />
              <option name="manufacturer" value="Motorola" />
              <option name="name" value="edge 40 neo" />
              <option name="screenDensity" value="400" />
              <option name="screenX" value="1080" />
              <option name="screenY" value="2400" />
            </PersistentDeviceSelectionData>
            <PersistentDeviceSelectionData>
              <option name="api" value="33" />
              <option name="brand" value="motorola" />
              <option name="codename" value="maui" />
              <option name="id" value="maui" />
              <option name="labId" value="google" />
              <option name="manufacturer" value="Motorola" />
              <option name="name" value="moto g play - 2023" />
              <option name="screenDensity" value="280" />
              <option name="screenX" value="720" />
              <option name="screenY" value="1600" />
            </PersistentDeviceSelectionData>
            <PersistentDeviceSelectionData>
              <option name="api" value="34" />
              <option name="brand" value="samsung" />
              <option name="codename" value="o1q" />
              <option name="id" value="o1q" />
              <option name="labId" value="google" />
              <option name="manufacturer" value="Samsung" />
              <option name="name" value="Galaxy S21" />
              <option name="screenDensity" value="421" />
              <option name="screenX" value="1080" />
              <option name="screenY" value="2400" />
            </PersistentDeviceSelectionData>
            <PersistentDeviceSelectionData>
              <option name="accessStatus">
                <list>
                  <option value="EULA_NOT_ACCEPTED" />
                </list>
              </option>
              <option name="api" value="34" />
              <option name="brand" value="OPPO" />
              <option name="codename" value="oplus_lab_op574fl1" />
              <option name="id" value="oplus_lab_op574fl1" />
              <option name="labId" value="oppo" />
              <option name="manufacturer" value="OPPO" />
              <option name="name" value="A58" />
              <option name="screenDensity" value="480" />
              <option name="screenX" value="1080" />
              <option name="screenY" value="2400" />
            </PersistentDeviceSelectionData>
            <PersistentDeviceSelectionData>
              <option name="accessStatus">
                <list>
                  <option value="EULA_NOT_ACCEPTED" />
                </list>
              </option>
              <option name="api" value="35" />
              <option name="brand" value="OnePlus" />
              <option name="codename" value="oplus_lab_op5961l1" />
              <option name="id" value="oplus_lab_op5961l1" />
              <option name="labId" value="oneplus" />
              <option name="manufacturer" value="OnePlus" />
              <option name="name" value="11R 5G" />
              <option name="screenDensity" value="560" />
              <option name="screenX" value="1240" />
              <option name="screenY" value="2772" />
            </PersistentDeviceSelectionData>
            <PersistentDeviceSelectionData>
              <option name="accessStatus">
                <list>
                  <option value="EULA_NOT_ACCEPTED" />
                </list>
              </option>
              <option name="api" value="34" />
              <option name="brand" value="OPPO" />
              <option name="codename" value="oplus_lab_op5abfl1" />
              <option name="id" value="oplus_lab_op5abfl1" />
              <option name="labId" value="oppo" />
              <option name="manufacturer" value="OPPO" />
              <option name="name" value="Reno11 5G" />
              <option name="screenDensity" value="480" />
              <option name="screenX" value="1080" />
              <option name="screenY" value="2412" />
            </PersistentDeviceSelectionData>
            <PersistentDeviceSelectionData>
              <option name="accessStatus">
                <list>
                  <option value="EULA_NOT_ACCEPTED" />
                </list>
              </option>
              <option name="api" value="34" />
              <option name="brand" value="OPPO" />
              <option name="codename" value="oplus_lab_op5b05l1" />
              <option name="id" value="oplus_lab_op5b05l1" />
              <option name="labId" value="oppo" />
              <option name="manufacturer" value="OPPO" />
              <option name="name" value="A3 Pro 5G" />
              <option name="screenDensity" value="320" />
              <option name="screenX" value="720" />
              <option name="screenY" value="1604" />
            </PersistentDeviceSelectionData>
            <PersistentDeviceSelectionData>
              <option name="api" value="31" />
              <option name="brand" value="google" />
              <option name="codename" value="oriole" />
              <option name="id" value="oriole" />
              <option name="labId" value="google" />
              <option name="manufacturer" value="Google" />
              <option name="name" value="Pixel 6" />
              <option name="screenDensity" value="420" />
              <option name="screenX" value="1080" />
              <option name="screenY" value="2400" />
            </PersistentDeviceSelectionData>
            <PersistentDeviceSelectionData>
              <option name="api" value="35" />
              <option name="brand" value="samsung" />
              <option name="codename" value="pa3q" />
              <option name="id" value="pa3q" />
              <option name="labId" value="google" />
              <option name="manufacturer" value="Samsung" />
              <option name="name" value="Galaxy S25 Ultra" />
              <option name="screenDensity" value="600" />
              <option name="screenX" value="1440" />
              <option name="screenY" value="3120" />
            </PersistentDeviceSelectionData>
            <PersistentDeviceSelectionData>
              <option name="api" value="33" />
              <option name="brand" value="google" />
              <option name="codename" value="panther" />
              <option name="id" value="panther" />
              <option name="labId" value="google" />
              <option name="manufacturer" value="Google" />
              <option name="name" value="Pixel 7" />
              <option name="screenDensity" value="420" />
              <option name="screenX" value="1080" />
              <option name="screenY" value="2400" />
            </PersistentDeviceSelectionData>
            <PersistentDeviceSelectionData>
              <option name="api" value="34" />
              <option name="brand" value="samsung" />
              <option name="codename" value="q5q" />
              <option name="id" value="q5q" />
              <option name="labId" value="google" />
              <option name="manufacturer" value="Samsung" />
              <option name="name" value="Galaxy Z Fold5" />
              <option name="screenDensity" value="420" />
              <option name="screenX" value="1812" />
              <option name="screenY" value="2176" />
            </PersistentDeviceSelectionData>
            <PersistentDeviceSelectionData>
              <option name="api" value="34" />
              <option name="brand" value="samsung" />
              <option name="codename" value="q6q" />
              <option name="id" value="q6q" />
              <option name="labId" value="google" />
              <option name="manufacturer" value="Samsung" />
              <option name="name" value="Galaxy Z Fold6" />
              <option name="screenDensity" value="420" />
              <option name="screenX" value="1856" />
              <option name="screenY" value="2160" />
            </PersistentDeviceSelectionData>
            <PersistentDeviceSelectionData>
              <option name="api" value="30" />
              <option name="brand" value="google" />
              <option name="codename" value="r11" />
              <option name="formFactor" value="Wear OS" />
              <option name="id" value="r11" />
              <option name="labId" value="google" />
              <option name="manufacturer" value="Google" />
              <option name="name" value="Pixel Watch" />
              <option name="screenDensity" value="320" />
              <option name="screenX" value="384" />
              <option name="screenY" value="384" />
              <option name="type" value="WEAR_OS" />
            </PersistentDeviceSelectionData>
            <PersistentDeviceSelectionData>
              <option name="api" value="34" />
              <option name="brand" value="samsung" />
              <option name="codename" value="r11q" />
              <option name="id" value="r11q" />
              <option name="labId" value="google" />
              <option name="manufacturer" value="Samsung" />
              <option name="name" value="SM-S711U" />
              <option name="screenDensity" value="450" />
              <option name="screenX" value="1080" />
              <option name="screenY" value="2340" />
            </PersistentDeviceSelectionData>
            <PersistentDeviceSelectionData>
              <option name="api" value="30" />
              <option name="brand" value="google" />
              <option name="codename" value="redfin" />
              <option name="id" value="redfin" />
              <option name="labId" value="google" />
              <option name="manufacturer" value="Google" />
              <option name="name" value="Pixel 5" />
              <option name="screenDensity" value="440" />
              <option name="screenX" value="1080" />
              <option name="screenY" value="2340" />
            </PersistentDeviceSelectionData>
            <PersistentDeviceSelectionData>
              <option name="accessStatus">
                <list>
                  <option value="EULA_NOT_ACCEPTED" />
                </list>
              </option>
              <option name="api" value="33" />
              <option name="brand" value="samsung" />
              <option name="codename" value="samsung_lab_a13" />
              <option name="id" value="samsung_lab_a13" />
              <option name="labId" value="samsung" />
              <option name="manufacturer" value="Samsung" />
              <option name="name" value="Galaxy A13" />
              <option name="screenDensity" value="450" />
              <option name="screenX" value="1080" />
              <option name="screenY" value="2408" />
            </PersistentDeviceSelectionData>
            <PersistentDeviceSelectionData>
              <option name="accessStatus">
                <list>
                  <option value="EULA_NOT_ACCEPTED" />
                </list>
              </option>
              <option name="api" value="34" />
              <option name="brand" value="samsung" />
              <option name="codename" value="samsung_lab_b6q" />
              <option name="id" value="samsung_lab_b6q" />
              <option name="labId" value="samsung" />
              <option name="manufacturer" value="Samsung" />
              <option name="name" value="Galaxy Z Flip6" />
              <option name="screenDensity" value="480" />
              <option name="screenX" value="1080" />
              <option name="screenY" value="2640" />
            </PersistentDeviceSelectionData>
            <PersistentDeviceSelectionData>
              <option name="accessStatus">
                <list>
                  <option value="EULA_NOT_ACCEPTED" />
                </list>
              </option>
              <option name="api" value="34" />
              <option name="brand" value="samsung" />
              <option name="codename" value="samsung_lab_e3q" />
              <option name="id" value="samsung_lab_e3q" />
              <option name="labId" value="samsung" />
              <option name="manufacturer" value="Samsung" />
              <option name="name" value="Galaxy S24 Ultra" />
              <option name="screenDensity" value="450" />
              <option name="screenX" value="1440" />
              <option name="screenY" value="3120" />
            </PersistentDeviceSelectionData>
            <PersistentDeviceSelectionData>
              <option name="accessStatus">
                <list>
                  <option value="EULA_NOT_ACCEPTED" />
                </list>
              </option>
              <option name="api" value="33" />
              <option name="brand" value="samsung" />
              <option name="codename" value="samsung_lab_gta9p" />
              <option name="formFactor" value="Tablet" />
              <option name="id" value="samsung_lab_gta9p" />
              <option name="labId" value="samsung" />
              <option name="manufacturer" value="Samsung" />
              <option name="name" value="Galaxy Tab A9+ 5G" />
              <option name="screenDensity" value="240" />
              <option name="screenX" value="1200" />
              <option name="screenY" value="1920" />
            </PersistentDeviceSelectionData>
            <PersistentDeviceSelectionData>
              <option name="accessStatus">
                <list>
                  <option value="EULA_NOT_ACCEPTED" />
                </list>
              </option>
              <option name="api" value="34" />
              <option name="brand" value="samsung" />
              <option name="codename" value="samsung_lab_gts9" />
              <option name="formFactor" value="Tablet" />
              <option name="id" value="samsung_lab_gts9" />
              <option name="labId" value="samsung" />
              <option name="manufacturer" value="Samsung" />
              <option name="name" value="Galaxy Tab S9 5G" />
              <option name="screenDensity" value="340" />
              <option name="screenX" value="1600" />
              <option name="screenY" value="2560" />
            </PersistentDeviceSelectionData>
            <PersistentDeviceSelectionData>
              <option name="accessStatus">
                <list>
                  <option value="EULA_NOT_ACCEPTED" />
                </list>
              </option>
              <option name="api" value="34" />
              <option name="brand" value="samsung" />
              <option name="codename" value="samsung_lab_gts9p" />
              <option name="formFactor" value="Tablet" />
              <option name="id" value="samsung_lab_gts9p" />
              <option name="labId" value="samsung" />
              <option name="manufacturer" value="Samsung" />
              <option name="name" value="Galaxy Tab S9+ 5G" />
              <option name="screenDensity" value="340" />
              <option name="screenX" value="1752" />
              <option name="screenY" value="2800" />
            </PersistentDeviceSelectionData>
            <PersistentDeviceSelectionData>
              <option name="accessStatus">
                <list>
                  <option value="EULA_NOT_ACCEPTED" />
                </list>
              </option>
              <option name="api" value="34" />
              <option name="brand" value="samsung" />
              <option name="codename" value="samsung_lab_gts9u" />
              <option name="formFactor" value="Tablet" />
              <option name="id" value="samsung_lab_gts9u" />
              <option name="labId" value="samsung" />
              <option name="manufacturer" value="Samsung" />
              <option name="name" value="Galaxy Tab S9 Ultra 5G" />
              <option name="screenDensity" value="300" />
              <option name="screenX" value="1848" />
              <option name="screenY" value="2960" />
            </PersistentDeviceSelectionData>
            <PersistentDeviceSelectionData>
              <option name="accessStatus">
                <list>
                  <option value="EULA_NOT_ACCEPTED" />
                </list>
              </option>
              <option name="api" value="34" />
              <option name="brand" value="samsung" />
              <option name="codename" value="samsung_lab_q6q" />
              <option name="id" value="samsung_lab_q6q" />
              <option name="labId" value="samsung" />
              <option name="manufacturer" value="Samsung" />
              <option name="name" value="Galaxy Z Fold6" />
              <option name="screenDensity" value="420" />
              <option name="screenX" value="1856" />
              <option name="screenY" value="2160" />
            </PersistentDeviceSelectionData>
            <PersistentDeviceSelectionData>
              <option name="api" value="34" />
              <option name="brand" value="google" />
              <option name="codename" value="shiba" />
              <option name="id" value="shiba" />
              <option name="labId" value="google" />
              <option name="manufacturer" value="Google" />
              <option name="name" value="Pixel 8" />
              <option name="screenDensity" value="420" />
              <option name="screenX" value="1080" />
              <option name="screenY" value="2400" />
            </PersistentDeviceSelectionData>
            <PersistentDeviceSelectionData>
              <option name="api" value="34" />
              <option name="brand" value="samsung" />
              <option name="codename" value="t2q" />
              <option name="id" value="t2q" />
              <option name="labId" value="google" />
              <option name="manufacturer" value="Samsung" />
              <option name="name" value="Galaxy S21 Plus" />
              <option name="screenDensity" value="394" />
              <option name="screenX" value="1080" />
              <option name="screenY" value="2400" />
            </PersistentDeviceSelectionData>
            <PersistentDeviceSelectionData>
              <option name="api" value="33" />
              <option name="brand" value="google" />
              <option name="codename" value="tangorpro" />
              <option name="formFactor" value="Tablet" />
              <option name="id" value="tangorpro" />
              <option name="labId" value="google" />
              <option name="manufacturer" value="Google" />
              <option name="name" value="Pixel Tablet" />
              <option name="screenDensity" value="320" />
              <option name="screenX" value="1600" />
              <option name="screenY" value="2560" />
            </PersistentDeviceSelectionData>
            <PersistentDeviceSelectionData>
              <option name="api" value="35" />
              <option name="brand" value="google" />
              <option name="codename" value="tegu" />
              <option name="id" value="tegu" />
              <option name="labId" value="google" />
              <option name="manufacturer" value="Google" />
              <option name="name" value="Pixel 9a" />
              <option name="screenDensity" value="420" />
              <option name="screenX" value="1080" />
              <option name="screenY" value="2424" />
            </PersistentDeviceSelectionData>
            <PersistentDeviceSelectionData>
              <option name="api" value="34" />
              <option name="brand" value="google" />
              <option name="codename" value="tokay" />
              <option name="default" value="true" />
              <option name="id" value="tokay" />
              <option name="labId" value="google" />
              <option name="manufacturer" value="Google" />
              <option name="name" value="Pixel 9" />
              <option name="screenDensity" value="420" />
              <option name="screenX" value="1080" />
              <option name="screenY" value="2424" />
            </PersistentDeviceSelectionData>
            <PersistentDeviceSelectionData>
              <option name="api" value="35" />
              <option name="brand" value="google" />
              <option name="codename" value="tokay" />
              <option name="default" value="true" />
              <option name="id" value="tokay" />
              <option name="labId" value="google" />
              <option name="manufacturer" value="Google" />
              <option name="name" value="Pixel 9" />
              <option name="screenDensity" value="420" />
              <option name="screenX" value="1080" />
              <option name="screenY" value="2424" />
            </PersistentDeviceSelectionData>
            <PersistentDeviceSelectionData>
              <option name="accessStatus">
                <list>
                  <option value="EULA_NOT_ACCEPTED" />
                </list>
              </option>
              <option name="api" value="35" />
              <option name="brand" value="vivo" />
              <option name="codename" value="vivo_lab_v2342" />
              <option name="id" value="vivo_lab_v2342" />
              <option name="labId" value="vivo" />
              <option name="manufacturer" value="vivo" />
              <option name="name" value="V40 Lite" />
              <option name="screenDensity" value="440" />
              <option name="screenX" value="1080" />
              <option name="screenY" value="2400" />
            </PersistentDeviceSelectionData>
            <PersistentDeviceSelectionData>
              <option name="accessStatus">
                <list>
                  <option value="EULA_NOT_ACCEPTED" />
                </list>
              </option>
              <option name="api" value="35" />
              <option name="brand" value="vivo" />
              <option name="codename" value="vivo_lab_v2348" />
              <option name="id" value="vivo_lab_v2348" />
              <option name="labId" value="vivo" />
              <option name="manufacturer" value="vivo" />
              <option name="name" value="V40" />
              <option name="screenDensity" value="420" />
              <option name="screenX" value="1080" />
              <option name="screenY" value="2400" />
            </PersistentDeviceSelectionData>
            <PersistentDeviceSelectionData>
              <option name="api" value="34" />
              <option name="brand" value="samsung" />
              <option name="codename" value="xcover7" />
              <option name="id" value="xcover7" />
              <option name="labId" value="google" />
              <option name="manufacturer" value="Samsung" />
              <option name="name" value="SM-G556B" />
              <option name="screenDensity" value="450" />
              <option name="screenX" value="1080" />
              <option name="screenY" value="2408" />
            </PersistentDeviceSelectionData>
            <PersistentDeviceSelectionData>
              <option name="accessStatus">
                <list>
                  <option value="EULA_NOT_ACCEPTED" />
                </list>
              </option>
              <option name="api" value="34" />
              <option name="brand" value="Redmi" />
              <option name="codename" value="xiaomi_lab_citrine" />
              <option name="id" value="xiaomi_lab_citrine" />
              <option name="labId" value="xiaomi" />
              <option name="manufacturer" value="Xiaomi" />
              <option name="name" value="Redmi Note 14 5G" />
              <option name="screenDensity" value="450" />
              <option name="screenX" value="1080" />
              <option name="screenY" value="2400" />
            </PersistentDeviceSelectionData>
            <PersistentDeviceSelectionData>
              <option name="accessStatus">
                <list>
                  <option value="EULA_NOT_ACCEPTED" />
                </list>
              </option>
              <option name="api" value="34" />
              <option name="brand" value="Xiaomi" />
              <option name="codename" value="xiaomi_lab_garnet" />
              <option name="id" value="xiaomi_lab_garnet" />
              <option name="labId" value="xiaomi" />
              <option name="manufacturer" value="Xiaomi" />
              <option name="name" value="Redmi Note 13 Pro 5G" />
              <option name="screenDensity" value="480" />
              <option name="screenX" value="1220" />
              <option name="screenY" value="2712" />
            </PersistentDeviceSelectionData>
            <PersistentDeviceSelectionData>
              <option name="accessStatus">
                <list>
                  <option value="EULA_NOT_ACCEPTED" />
                </list>
              </option>
              <option name="api" value="34" />
              <option name="brand" value="Xiaomi" />
              <option name="codename" value="xiaomi_lab_pipa" />
              <option name="formFactor" value="Tablet" />
              <option name="id" value="xiaomi_lab_pipa" />
              <option name="labId" value="xiaomi" />
              <option name="manufacturer" value="Xiaomi" />
              <option name="name" value="Pad 6" />
              <option name="screenDensity" value="480" />
              <option name="screenX" value="1220" />
              <option name="screenY" value="2712" />
            </PersistentDeviceSelectionData>
            <PersistentDeviceSelectionData>
              <option name="accessStatus">
                <list>
                  <option value="EULA_NOT_ACCEPTED" />
                </list>
              </option>
              <option name="api" value="35" />
              <option name="brand" value="Xiaomi" />
              <option name="codename" value="xiaomi_lab_ruyi" />
              <option name="id" value="xiaomi_lab_ruyi" />
              <option name="labId" value="xiaomi" />
              <option name="manufacturer" value="Xiaomi" />
              <option name="name" value="MIX Flip" />
              <option name="screenDensity" value="520" />
              <option name="screenX" value="1224" />
              <option name="screenY" value="2912" />
            </PersistentDeviceSelectionData>
            <PersistentDeviceSelectionData>
              <option name="accessStatus">
                <list>
                  <option value="EULA_NOT_ACCEPTED" />
                </list>
              </option>
              <option name="api" value="35" />
              <option name="brand" value="Xiaomi" />
              <option name="codename" value="xiaomi_lab_sheng" />
              <option name="formFactor" value="Tablet" />
              <option name="id" value="xiaomi_lab_sheng" />
              <option name="labId" value="xiaomi" />
              <option name="manufacturer" value="Xiaomi" />
              <option name="name" value="Pad 6S Pro 12.4" />
              <option name="screenDensity" value="400" />
              <option name="screenX" value="2032" />
              <option name="screenY" value="3048" />
            </PersistentDeviceSelectionData>
          </list>
        </option>
      </component>
      <component name="FormatOnSaveOptions">
        <option name="myRunOnSave" value="true" />
      </component>
      <component name="Kotlin2JsCompilerArguments">
        <option name="moduleKind" value="plain" />
      </component>
      <component name="Kotlin2JvmCompilerArguments">
        <option name="jvmTarget" value="17" />
      </component>
      <component name="KotlinCodeInsightWorkspaceSettings">
        <option name="optimizeImportsOnTheFly" value="true" />
      </component>
      <component name="KotlinCommonCompilerArguments">
        <option name="apiVersion" value="2.0" />
        <option name="languageVersion" value="2.0" />
      </component>
      <component name="KotlinJpsPluginSettings">
        <option name="version" value="2.1.10" />
      </component>
      <component name="OptimizeOnSaveOptions">
        <option name="myRunOnSave" value="true" />
      </component>
      <component name="ProjectDictionaryState">
        <dictionary name="jaygh" />
        <dictionary name="project" />
      </component>
      <component name="ProjectInspectionProfilesVisibleTreeState">
        <entry key="Project Default">
          <profile-state>
            <expanded-state>
              <State>
                <id>Abstraction issuesJava</id>
              </State>
              <State>
                <id>Android</id>
              </State>
              <State>
                <id>Android Lint: Correctness</id>
              </State>
              <State>
                <id>Android Lint: Performance</id>
              </State>
              <State>
                <id>Android Lint: Productivity</id>
              </State>
              <State>
                <id>Android Lint: Security</id>
              </State>
              <State>
                <id>Android Lint: Usability</id>
              </State>
              <State>
                <id>Assignment issuesJava</id>
              </State>
              <State>
                <id>C/C++</id>
              </State>
              <State>
                <id>Code maturityJava</id>
              </State>
              <State>
                <id>Code migrationKotlin</id>
              </State>
              <State>
                <id>Compiler issuesJava</id>
              </State>
              <State>
                <id>Data Flow AnalysisC/C++</id>
              </State>
              <State>
                <id>Declaration redundancyJava</id>
              </State>
              <State>
                <id>Dependency issuesJava</id>
              </State>
              <State>
                <id>EmbeddedPerformanceJava</id>
              </State>
              <State>
                <id>Error handlingJava</id>
              </State>
              <State>
                <id>General</id>
              </State>
              <State>
                <id>Gradle</id>
              </State>
              <State>
                <id>Groovy</id>
              </State>
              <State>
                <id>Inheritance issuesJava</id>
              </State>
              <State>
                <id>InitializationJava</id>
              </State>
              <State>
                <id>InternationalizationJava</id>
              </State>
              <State>
                <id>JNIAndroid</id>
              </State>
              <State>
                <id>JUnit</id>
              </State>
              <State>
                <id>JVM languages</id>
              </State>
              <State>
                <id>Java</id>
              </State>
              <State>
                <id>Java 11Java language level migration aidsJava</id>
              </State>
              <State>
                <id>Java 5Java language level migration aidsJava</id>
              </State>
              <State>
                <id>Java 8Java language level migration aidsJava</id>
              </State>
              <State>
                <id>Java language level migration aidsJava</id>
              </State>
              <State>
                <id>Kotlin</id>
              </State>
              <State>
                <id>Kotlin Android</id>
              </State>
              <State>
                <id>MemoryJava</id>
              </State>
              <State>
                <id>Naming conventionsKotlin</id>
              </State>
              <State>
                <id>Nullability problemsProbable bugsJava</id>
              </State>
              <State>
                <id>Numeric issuesJava</id>
              </State>
              <State>
                <id>PerformanceJava</id>
              </State>
              <State>
                <id>PortabilityJava</id>
              </State>
              <State>
                <id>Probable bugsGradle</id>
              </State>
              <State>
                <id>Probable bugsJava</id>
              </State>
              <State>
                <id>Redundant constructsKotlin</id>
              </State>
              <State>
                <id>RegExp</id>
              </State>
              <State>
                <id>Style issuesKotlin</id>
              </State>
              <State>
                <id>Threading issuesGroovy</id>
              </State>
              <State>
                <id>Threading issuesJava</id>
              </State>
              <State>
                <id>Verbose or redundant code constructsJava</id>
              </State>
              <State>
                <id>VisibilityJava</id>
              </State>
            </expanded-state>
            <selected-state>
              <State>
                <id>User defined</id>
              </State>
            </selected-state>
          </profile-state>
        </entry>
      </component>
      <component name="PropertiesComponent"><![CDATA[{
  "keyToString": {
    "settings.editor.selected.configurable": "com.intellij.platform.ide.impl.presentationAssistant.PresentationAssistantConfigurable"
  }
}]]></component>
      <component name="TaskManager">
        <task active="true" id="Default" summary="Default task">
          <created>1733977462684</created>
          <option name="number" value="Default" />
          <option name="presentableId" value="Default" />
          <updated>1733977462684</updated>
        </task>
        <servers />
      </component>
      <component name="VcsManagerConfiguration">
        <option name="OPTIMIZE_IMPORTS_BEFORE_PROJECT_COMMIT" value="true" />
      </component>
      <component name="WindowStateProjectService">
        <state x="413" y="266" width="710" height="403" key="#Updates" timestamp="1756005991119">
          <screen x="0" y="35" width="1536" height="829" />
        </state>
        <state x="413" y="266" width="710" height="403" key="#Updates/0.35.1536.829" timestamp="1756005991119" />
        <state x="503" y="278" width="529" height="379" key="#com.intellij.tools.ToolEditorDialog" timestamp="1760245962238">
          <screen x="0" y="35" width="1536" height="829" />
        </state>
        <state x="503" y="278" width="529" height="379" key="#com.intellij.tools.ToolEditorDialog/0.35.1536.829" timestamp="1760245962238" />
        <state x="556" y="221" width="424" height="495" key="FileChooserDialogImpl" timestamp="1754196435846">
          <screen x="0" y="35" width="1536" height="829" />
        </state>
        <state x="556" y="221" width="424" height="495" key="FileChooserDialogImpl/0.35.1536.829" timestamp="1754196435846" />
        <state x="269" y="90" width="997" height="737" key="SettingsEditor" timestamp="1760246521947">
          <screen x="0" y="35" width="1536" height="829" />
        </state>
        <state x="269" y="90" width="997" height="737" key="SettingsEditor/0.35.1536.829" timestamp="1760246521947" />
        <state x="368" y="123" width="800" height="672" key="new project wizard" timestamp="1754196482230">
          <screen x="0" y="35" width="1536" height="829" />
        </state>
        <state x="368" y="123" width="800" height="672" key="new project wizard/0.35.1536.829" timestamp="1754196482230" />
      </component>
      <component name="masterDetails">
        <states>
          <state key="ScopeChooserConfigurable.UI">
            <settings>
              <splitter-proportions>
                <option name="proportions">
                  <list>
                    <option value="0.2" />
                  </list>
                </option>
              </splitter-proportions>
            </settings>
          </state>
        </states>
      </component>
    </defaultProject>
  </component>
</application>