<application>
  <component name="UpdatesConfigurable">
    <ignoredBuildNumbers>
      <item value="251.26094.121.2513.14007798" />
    </ignoredBuildNumbers>
    <option name="LAST_BUILD_CHECKED" value="AI-251.27812.49.2514.14217341" />
    <option name="LAST_TIME_CHECKED" value="1760848238958" />
    <option name="OBSOLETE_CUSTOM_REPOSITORIES_CLEAN_NEEDED" value="false" />
    <option name="PLUGINS_AUTO_UPDATE" value="true" />
    <option name="THIRD_PARTY_PLUGINS_ALLOWED" value="true" />
  </component>
</application>