<application>
  <component name="DimensionService">
    <location key="WELCOME_SCREEN.0.0.1920.1080@144dpi" x="960" y="450" />
    <location key="WELCOME_SCREEN.0.0.3072.1728@192dpi" x="1536" y="686" />
    <location key="find.popup.0.0.3072.1728@192dpi" x="1038" y="144" />
    <size key="GridCell.Tab.0.left.0.0.1920.1080@144dpi" width="1823" height="476" />
    <size key="GridCell.Tab.0.center.0.0.1920.1080@144dpi" width="1823" height="476" />
    <size key="GridCell.Tab.0.right.0.0.1920.1080@144dpi" width="1823" height="476" />
    <size key="GridCell.Tab.0.bottom.0.0.1920.1080@144dpi" width="1823" height="476" />
    <size key="GridCell.Tab.1.left.0.0.1920.1080@144dpi" width="1823" height="476" />
    <size key="GridCell.Tab.1.center.0.0.1920.1080@144dpi" width="1823" height="476" />
    <size key="GridCell.Tab.1.right.0.0.1920.1080@144dpi" width="1823" height="476" />
    <size key="GridCell.Tab.1.bottom.0.0.1920.1080@144dpi" width="1823" height="476" />
    <size key="GridCell.Tab.0.left.0.0.3072.1728@192dpi" width="2940" height="482" />
    <size key="GridCell.Tab.0.center.0.0.3072.1728@192dpi" width="2940" height="482" />
    <size key="GridCell.Tab.0.right.0.0.3072.1728@192dpi" width="2940" height="482" />
    <size key="GridCell.Tab.0.bottom.0.0.3072.1728@192dpi" width="2940" height="482" />
    <size key="find.popup.0.0.3072.1728@192dpi" width="1292" height="1024" />
  </component>
  <component name="WindowManager">
    <frame x="0" y="35" width="1536" height="829" extendedState="6" />
  </component>
  <component name="WindowStateApplicationService">
    <state x="556" y="213" width="424" height="491" key="FileChooserDialogImpl" timestamp="1756270394448">
      <screen x="0" y="35" width="1536" height="829" />
    </state>
    <state x="556" y="213" width="424" height="491" key="FileChooserDialogImpl/0.35.1536.829" timestamp="1756270394448" />
    <state x="768" y="449" width="1536" height="829" key="WELCOME_SCREEN" timestamp="1760848993640">
      <screen x="0" y="35" width="1536" height="829" />
    </state>
    <state x="768" y="449" width="1536" height="829" key="WELCOME_SCREEN/0.35.1536.829" timestamp="1760848993640" />
  </component>
</application>